framework,seed,run_time,tokens_per_sec,final_train_loss,final_val_loss
pytorch,212,316.0917096249759,77749.58738765394,1.721358299255371,1.8895752429962158
pytorch,829,322.90927587496117,76108.06451257369,1.689915418624878,1.8848261833190918
pytorch,943,329.39905562484637,74608.59277019204,1.6642509698867798,1.8627947568893433
pytorch,486,326.9245062498376,75173.31839669088,1.7692501544952393,1.9319499731063843
mlx,212,290.21814925037324,84681.12715720653,1.1515508997440338,1.5696624559164047
mlx,829,290.50132608320564,84598.58111959504,1.1433300334215164,1.586725207567215
mlx,943,290.14626891585067,84702.10591309595,1.1861528074741363,1.5836737394332885
mlx,486,293.51447929115966,83730.11123455061,1.127622110247612,1.5777099514007569
